{"model__colsample_bylevel": 0.9010517491308082, "model__colsample_bytree": 0.9395992960433877, "model__gamma": 0.6331108417581415, "model__learning_rate": 0.08723901599377133, "model__max_depth": 5, "model__min_child_weight": 5, "model__n_estimators": 133, "model__reg_alpha": 1.8688165721823782, "model__reg_lambda": 1.464786088638586, "model__subsample": 0.9228761938728909}